Feature,Importance
rolling_mean_7,0.38503098
lag_7,0.3164739
rolling_mean_30,0.124942645
is_weekend,0.068057634
day_of_week,0.057179105
lag_1,0.016761292
month,0.008430173
quarter,0.0064936057
week_of_year,0.005340482
day_of_year,0.0033791736
day,0.0029226695
lag_30,0.0021324628
rolling_std_7,0.0012570636
year,0.0006269451
item,0.00050112174
store,0.00047073423
